Workbook

Sheet User Guide & Vetting Guide
A1: C SYSTEMS PROGRAMMING 45-DAY ELITE FAST-TRACK - GUIDE & METRICS
A4: 1. HOW TO NAVIGATE AND FILL THE TRACKER
A5: Action Step | B5: Procedural Instructions & Methodology | C5: Associated Tab / Location
A6: Step 1: Read Daily Spec | B6: Go to your workspace folder: /c-fast-track/Day_Plans/. Read the corresponding daily blueprint (Day_01.md to Day_45.md). Read the 4-Hour Theory Deep-Dive and complete the 4-Hour Unassisted Lab. | C6: Workspace Files: Day_Plans/
A7: Step 2: Update Progress Status | B7: Select the 'Daily Progress Tracker' worksheet tab in this workbook. Locate the current day and set the 'Status' column dropdown selector to 'In Progress' or 'Completed'. | C7: Tab 3: Daily Progress Tracker
A8: Step 3: Audit & Grade Task | B8: Once the lab compiles and executes with zero warning flags, evaluate your understanding against the 5-Tier Vetting Scale. Select the appropriate rating from the 'Grade / Audit' column dropdown list. | C8: Tab 3: Daily Progress Tracker
A9: Step 4: Analyze Dashboard | B9: Switch to the 'Executive Dashboard' worksheet tab. Analyze real-time KPI metrics cards and track active phase completion progress displayed on the column charts. | C9: Tab 2: Executive Dashboard
A12: 2. 5-TIER UNDERSTANDING MEASUREMENT METRICS (VETTING CRITERIA)
A13: Grade / Audit Score | B13: Scale Target % | C13: Physical Evaluation Benchmarks (MISRA C & Hardware Vetting Standards)
A14: A+ [100%] | B14: 100% | C14: Perfect unassisted delivery. Zero compiler warnings under strict '-Wall -Wextra -Werror -pedantic' C11 constraints. No memory leaks detected under Valgrind. Registers and hardware metrics successfully audited via GDB/Logic Analyzer.
A15: A [90%] | B15: 90% | C15: Clean compilation and execution with zero compiler warnings. Minor assisted code style adjustments permitted. High-quality documentation and safe defensive pointer boundaries implemented successfully.
A16: B [80%] | B16: 80% | C16: Compiles cleanly. Minor assisted corrections needed during structural alignments or preprocessor macros expansions. Program achieves functional output targets under debug audits.
A17: C [70%] | B17: 70% | C17: Compiles and runs with helper hints during lab execution. Program is functional, but contains suboptimal branching choices, redundant loops, or unoptimized variables structures.
A18: F [Fail] | B18: 0% | C18: Program fails to compile cleanly, contains memory leaks under Valgrind, or fails to implement basic functional registers validation gates.
A19: Pending | B19: - | C19: Day task is not yet started or has not been audited.
A22: 3. KEY MILESTONE GATING CHECKS
A23: Phase | B23: Days Mapped | C23: Core Gating Challenge Target
A24: Phase 1: Compiler & Toolchains | B24: Days 01 - 05 | C24: Build modular project compiled with MM/MMD incremental Make dependency tracking.
A25: Phase 2: Data & Radix Hazards | B25: Days 06 - 10 | C25: Write branch-free absolute value/conditional select routines checking asm loops.
A26: Phase 3: Stack & Execution Frame | B26: Days 11 - 15 | C26: SMASH stack buffer of a dummy string array verifying stack canaries trap hook.
A27: Phase 4: Pointers & Arithmetic | B27: Days 16 - 20 | C27: Implement command processor jump-table routing calculations cleanly without switch constructs.
A28: Phase 5: Structures & Alignments | B28: Days 21 - 25 | C28: Manually serialize structural elements into Big-Endian arrays for network transport.
A29: Phase 6: Custom Allocators | B29: Days 26 - 30 | C29: Write custom aligned linear Arena and O(1) Slab allocator free list.
A30: Phase 7: POSIX System Boundaries | B30: Days 31 - 35 | C30: Configure zero-copy shared database mapper file index utilizing POSIX mmap.
A31: Phase 8: Preprocessor Metaprogramming | B31: Days 36 - 40 | C31: Generate dynamic Enum lists and translate functions using X-Macros tables.
A32: Phase 9: Concurrency & MISRA C | B32: Days 41 - 45 | C32: Create thread-safe Producer-Consumer ring buffer using POSIX mutexes and cond variables.

Sheet Executive Dashboard
A1: C SYSTEMS PROGRAMMING EXECUTIVE DASHBOARD
A4: TOTAL TARGET DAYS | C4: COMPLETED | D4: IN PROGRESS | E4: NOT STARTED | F4: OVERALL COMPLETION %
A5: 45 | C5: =COUNTIF('Daily Progress Tracker'!F5:F49, "Completed") | D5: =COUNTIF('Daily Progress Tracker'!F5:F49, "In Progress") | E5: =COUNTIF('Daily Progress Tracker'!F5:F49, "Not Started") | F5: =C5/A5
A8: TRAINING PHASE PERFORMANCE HIGHLIGHTS
A9: Phase / Module Name | B9: Days Included | C9: Status | D9: Completion % | E9: Milestone Target Gate
A10: Phase 1: Compiler & Toolchains | B10: Day 01 - 05 | C10: =IF(COUNTIF('Daily Progress Tracker'!F5:F9, "Completed")=5, "Completed", IF(COUNTIF('Daily Progress Tracker'!F5:F9, "Not Started")=5, "Not Started", "In Progress")) | D10: =COUNTIF('Daily Progress Tracker'!F5:F9, "Completed")/5 | E10: Makefile Dependency Hook
A11: Phase 2: Data & Radix Hazards | B11: Day 06 - 10 | C11: =IF(COUNTIF('Daily Progress Tracker'!F10:F14, "Completed")=5, "Completed", IF(COUNTIF('Daily Progress Tracker'!F10:F14, "Not Started")=5, "Not Started", "In Progress")) | D11: =COUNTIF('Daily Progress Tracker'!F10:F14, "Completed")/5 | E11: Safe Float-Compare Parser
A12: Phase 3: Stack & Execution Frame | B12: Day 11 - 15 | C12: =IF(COUNTIF('Daily Progress Tracker'!F15:F19, "Completed")=5, "Completed", IF(COUNTIF('Daily Progress Tracker'!F15:F19, "Not Started")=5, "Not Started", "In Progress")) | D12: =COUNTIF('Daily Progress Tracker'!F15:F19, "Completed")/5 | E12: Stack Canary Overflow Audit
A13: Phase 4: Pointers & Arithmetic | B13: Day 16 - 20 | C13: =IF(COUNTIF('Daily Progress Tracker'!F20:F24, "Completed")=5, "Completed", IF(COUNTIF('Daily Progress Tracker'!F20:F24, "Not Started")=5, "Not Started", "In Progress")) | D13: =COUNTIF('Daily Progress Tracker'!F20:F24, "Completed")/5 | E13: Jump-Table Callbacks Map
A14: Phase 5: Structures & Alignments | B14: Day 21 - 25 | C14: =IF(COUNTIF('Daily Progress Tracker'!F25:F29, "Completed")=5, "Completed", IF(COUNTIF('Daily Progress Tracker'!F25:F29, "Not Started")=5, "Not Started", "In Progress")) | D14: =COUNTIF('Daily Progress Tracker'!F25:F29, "Completed")/5 | E14: Serialized Pack/Unpack
A15: Phase 6: Custom Allocators | B15: Day 26 - 30 | C15: =IF(COUNTIF('Daily Progress Tracker'!F30:F34, "Completed")=5, "Completed", IF(COUNTIF('Daily Progress Tracker'!F30:F34, "Not Started")=5, "Not Started", "In Progress")) | D15: =COUNTIF('Daily Progress Tracker'!F30:F34, "Completed")/5 | E15: O(1) Slab Allocator
A16: Phase 7: POSIX System Boundaries | B16: Day 31 - 35 | C16: =IF(COUNTIF('Daily Progress Tracker'!F35:F39, "Completed")=5, "Completed", IF(COUNTIF('Daily Progress Tracker'!F35:F39, "Not Started")=5, "Not Started", "In Progress")) | D16: =COUNTIF('Daily Progress Tracker'!F35:F39, "Completed")/5 | E16: Memory-Mapped Database Engine
A17: Phase 8: Preprocessor Metaprogramming | B17: Day 36 - 40 | C17: =IF(COUNTIF('Daily Progress Tracker'!F40:F44, "Completed")=5, "Completed", IF(COUNTIF('Daily Progress Tracker'!F40:F44, "Not Started")=5, "Not Started", "In Progress")) | D17: =COUNTIF('Daily Progress Tracker'!F40:F44, "Completed")/5 | E17: X-Macros Dynamic Lookup Table
A18: Phase 9: Concurrency & MISRA C | B18: Day 41 - 45 | C18: =IF(COUNTIF('Daily Progress Tracker'!F45:F49, "Completed")=5, "Completed", IF(COUNTIF('Daily Progress Tracker'!F45:F49, "Not Started")=5, "Not Started", "In Progress")) | D18: =COUNTIF('Daily Progress Tracker'!F45:F49, "Completed")/5 | E18: MISRA pthreads Scheduler
A19: Overall Program Status | B19: 45 Days | C19: =IF(F5=1, "Completed", "Active") | D19: =AVERAGE(D10:D18) | E19: Final Graduation

Sheet Daily Progress Tracker
A1: C SYSTEMS PROGRAMMING ELITE 45-DAY FAST-TRACK
A4: Day | B4: Phase | C4: Core Focus Topic | D4: Vetting Challenge Task | E4: Target Date | F4: Status | G4: Weight | H4: Grade / Audit | I4: Notes / Blockages
A5: Day 01 | B5: Phase 1: Compiler & Toolchains | C5: The Preprocessor Pipeline and Macro Expansion Hazards | D5: Compile and audit square preprocessor macros side-effects output | E5: 2026-06-01 | F5: Completed | G5: 0.022222222 | H5: A+ [100%] | I5: Passed Autovet Harness on 2026-05-30 11:14
A6: Day 02 | B6: Phase 1: Compiler & Toolchains | C6: Compilation to Assembly and GDB Register Analysis | D6: Compile to assembly using -S and step through execution registers | E6: 2026-06-02 | F6: Not Started | G6: 0.022222222 | H6: Pending
A7: Day 03 | B7: Phase 1: Compiler & Toolchains | C7: Relocatable Object Files Dissection and Symbol Resolution | D7: Dissect symbols and segments (.text, .data, .bss, .rodata) using nm | E7: 2026-06-03 | F7: Not Started | G7: 0.022222222 | H7: Pending
A8: Day 04 | B8: Phase 1: Compiler & Toolchains | C8: Linking Mechanics, Static/Dynamic Libraries, and Symbol Collisions | D8: Compile and link dynamic libraries checking rpath | E8: 2026-06-04 | F8: Not Started | G8: 0.022222222 | H8: Pending
A9: Day 05 | B9: Phase 1: Compiler & Toolchains | C9: GNU Make, Implicit Dependencies, and Incremental Builds | D9: Write self-dependency tracking Makefile with MM/MMD | E9: 2026-06-05 | F9: Not Started | G9: 0.022222222 | H9: Pending
A10: Day 06 | B10: Phase 2: Data & Radix Hazards | C10: POSIX Integer Scales, Two's Complement, and Sign Extensions | D10: Assign signed variables to unsigned variables printing raw hexadecimal | E10: 2026-06-08 | F10: Not Started | G10: 0.022222222 | H10: Pending
A11: Day 07 | B11: Phase 2: Data & Radix Hazards | C11: Safe Integer Arithmetic, Overflow Detection, and Type Promotions | D11: Write robust overflow pre-check addition/multiplication C functions | E11: 2026-06-09 | F11: Not Started | G11: 0.022222222 | H11: Pending
A12: Day 08 | B12: Phase 2: Data & Radix Hazards | C12: Floating-Point Internals (IEEE 754) and Precision Hazards | D12: Write robust epsilon float equality comparison logic | E12: 2026-06-10 | F12: Not Started | G12: 0.022222222 | H12: Pending
A13: Day 09 | B13: Phase 2: Data & Radix Hazards | C13: Bitwise Operations, Masking, and Shift Hazards | D13: Design register status flags bit togglers avoiding undefined shifts | E13: 2026-06-11 | F13: Not Started | G13: 0.022222222 | H13: Pending
A14: Day 10 | B14: Phase 2: Data & Radix Hazards | C14: Branch-Free Programming and ALU Pipeline Optimization | D14: Write branch-free absolute value and select methods checking assembly | E14: 2026-06-12 | F14: Not Started | G14: 0.022222222 | H14: Pending
A15: Day 11 | B15: Phase 3: Stack & Execution Frame | C15: Activation Records and Procedure Call Standards (AAPCS) | D15: Verify AAPCS register arguments passing in GDB breakpoints | E15: 2026-06-15 | F15: Not Started | G15: 0.022222222 | H15: Pending
A16: Day 12 | B16: Phase 3: Stack & Execution Frame | C16: Function Frame Layout, Prologue, and Epilogue Assembly | D16: Audit SP moves and push/pop instruction layouts inside custom assembly | E16: 2026-06-16 | F16: Not Started | G16: 0.022222222 | H16: Pending
A17: Day 13 | B17: Phase 3: Stack & Execution Frame | C17: Local Variable Lifetimes, Storage Classes, and Scope Boundaries | D17: Verify static address persistence vs stack decay warnings | E17: 2026-06-17 | F17: Not Started | G17: 0.022222222 | H17: Pending
... A49: Day 45 | B49: Phase 9: Concurrency & MISRA C | C49: Systems Profiling, Leak Audits, and Graduate Code Review | D49: Trace execution performance using gprof and debug leaks with Valgrind | E49: 2026-07-31 | F49: Not Started | G49: 0.022222222 | H49: Pending
